use MedicalCenterBD;

INSERT INTO Departamente (id_departament, nume_departament) VALUES
(1, 'Resurse Umane'),
(2, 'Contabilitate'),
(3, 'Personal Medical'),
(4, 'IT'),
(5, 'Marketing'),
(6, 'Vânzări'),
(7, 'Logistică'),
(8, 'R&D'),
(9, 'Legal'),
(10, 'Achiziții'),
(11, 'Proiecte'),
(12, 'HR'),
(13, 'Training'),
(14, 'Consultanță'),
(15, 'Management'),
(16, 'Financiar'),
(17, 'Comunicare'),
(18, 'Strategie'),
(19, 'Procese'),
(20, 'Dezvoltare');

-- Inserări pentru Angajati
INSERT INTO Angajati (id_angajat, CNP, id_departament, salariu_negociat, ore_lucrate) VALUES
(1, '2234567890001', 1, 8500.00, 160),
(2, '2234567890002', 2, 4000.00, 140),
(3, '2234567890003', 3, 3000.00, 150),
(4, '2234567890004', 1, 9500.00, 170),
(5, '2234567890005', 2, 4200.00, 160),
(6, '2234567890006', 1, 8700.00, 150),
(7, '2234567890007', 2, 3100.00, 160),
(8, '2234567890008', 3, 4000.00, 140),
(9, '2234567890009', 2, 9600.00, 170),
(10, '2234567890010', 1, 3300.00, 160),
(11, '2234567890011', 1, 8900.00, 150),
(12, '2234567890012', 2, 4300.00, 140),
(13, '2234567890013', 3, 3500.00, 155),
(14, '2234567890014', 4, 6200.00, 170),
(15, '2234567890015', 5, 4800.00, 160),
(16, '2234567890016', 6, 5100.00, 150),
(17, '2234567890017', 7, 4600.00, 165),
(18, '2234567890018', 8, 5700.00, 145),
(19, '2234567890019', 9, 4300.00, 160),
(20, '2234567890020', 10, 5500.00, 155);

-- Inserări pentru AsistentiMedicali
INSERT INTO AsistentiMedicali (id_asistent, id_angajat, tip_asistent, grad) VALUES
(1, 2, 'generalist', 'principal'),
(2, 5, 'laborator', 'secundar'),
(3, 8, 'radiologie', 'principal'),
(4, 11, 'chirurgie', 'principal'),
(5, 14, 'pediatrie', 'secundar'),
(6, 17, 'neurologie', 'principal'),
(7, 20, 'geriatrie', 'secundar'),
(8, 6, 'oncologie', 'principal'),
(9, 9, 'cardiologie', 'secundar'),
(10, 12, 'ortopedie', 'principal'),
(11, 15, 'endocrinologie', 'secundar'),
(12, 18, 'psihiatrie', 'principal'),
(13, 19, 'medicina interna', 'secundar'),
(14, 3, 'stomatologie', 'principal'),
(15, 16, 'ginecologie', 'secundar'),
(16, 4, 'urologie', 'principal'),
(17, 7, 'dermatologie', 'secundar'),
(18, 10, 'infectioase', 'principal'),
(19, 13, 'medicina de urgenta', 'secundar'),
(20, 1, 'pneumologie', 'principal');

-- Inserări pentru Medic
INSERT INTO Medic (id_medic, id_angajat, specialitate, grad, cod_parafa, competente, titlu_stiintific, post_didactic, procent_servicii) VALUES
(1, 1, 'Cardiologie', 'specialist', 'PARAFA001', 'Echocardiografie, Teste de efort', 'doctor', 'lector', 25.00),
(2, 4, 'Pediatrie', 'primar', 'PARAFA002', 'Consultatii copii, Urgente pediatrice', 'doctor', 'profesor', 30.00),
(3, 6, 'Dermatologie', 'specialist', 'PARAFA003', 'Dermatoscopie, Biopsii cutanate', 'doctorand', 'asistent', 20.00),
(4, 2, 'Oftalmologie', 'specialist', 'PARAFA004', 'Consultatii, Tratament laser', 'doctor', 'lector', 22.00),
(5, 5, 'Neurologie', 'specialist', 'PARAFA005', 'RMN, Electroencefalograma', 'doctor', 'profesor', 28.00),
(6, 8, 'Oncologie', 'specialist', 'PARAFA006', 'Chimio, Radioterapie', 'doctorand', 'asistent', 18.00),
(7, 10, 'Endocrinologie', 'specialist', 'PARAFA007', 'Tratament hormonale', 'doctor', 'lector', 24.00),
(8, 12, 'Chirurgie', 'specialist', 'PARAFA008', 'Interventii chirurgicale', 'doctorand', 'profesor', 32.00),
(9, 14, 'Pneumologie', 'primar', 'PARAFA009', 'Tratament boli respiratorii', 'doctor', 'profesor', 27.00),
(10, 16, 'Ginecologie', 'specialist', 'PARAFA010', 'Examinari ginecologice', 'doctorand', 'asistent', 20.00),
(11, 18, 'Psihiatrie', 'specialist', 'PARAFA011', 'Consultatii psihiatrice', 'doctor', 'lector', 25.00),
(12, 19, 'Medicina interna', 'specialist', 'PARAFA012', 'Tratament boli interne', 'doctor', 'profesor', 30.00),
(13, 20, 'Stomatologie', 'specialist', 'PARAFA013', 'Tratament stomatologic', 'doctorand', 'asistent', 18.00),
(14, 3, 'Cardiologie', 'specialist', 'PARAFA014', 'Test de efort', 'doctor', 'lector', 23.00),
(15, 7, 'Rheumatologie', 'specialist', 'PARAFA015', 'Tratament articular', 'doctor', 'profesor', 29.00),
(16, 9, 'Urologie', 'specialist', 'PARAFA016', 'Tratament uro-genital', 'doctorand', 'asistent', 21.00),
(17, 11, 'Chirurgie plastica', 'specialist', 'PARAFA017', 'Interventii estetice', 'doctor', 'lector', 35.00),
(18, 13, 'Dermatologie', 'specialist', 'PARAFA018', 'Consultatii dermatologice', 'doctorand', 'profesor', 20.00),
(19, 15, 'Gastroenterologie', 'specialist', 'PARAFA019', 'Consultatii digestive', 'doctor', 'profesor', 26.00),
(20, 17, 'Infectioase', 'specialist', 'PARAFA020', 'Tratament boli infectioase', 'doctorand', 'asistent', 22.00);

-- Inserări pentru Utilizator
INSERT INTO Utilizator (id_utilizator, nume_utilizator, parola, rol) VALUES
(1, 'utilizator1', 'parola1', 'admin'),
(2, 'utilizator2', 'parola2', 'user'),
(3, 'utilizator3', 'parola3', 'admin'),
(4, 'utilizator4', 'parola4', 'user'),
(5, 'utilizator5', 'parola5', 'admin'),
(6, 'utilizator6', 'parola6', 'user'),
(7, 'utilizator7', 'parola7', 'admin'),
(8, 'utilizator8', 'parola8', 'user'),
(9, 'utilizator9', 'parola9', 'admin'),
(10, 'utilizator10', 'parola10', 'user'),
(11, 'utilizator11', 'parola11', 'admin'),
(12, 'utilizator12', 'parola12', 'user'),
(13, 'utilizator13', 'parola13', 'admin'),
(14, 'utilizator14', 'parola14', 'user'),
(15, 'utilizator15', 'parola15', 'admin'),
(16, 'utilizator16', 'parola16', 'user'),
(17, 'utilizator17', 'parola17', 'admin'),
(18, 'utilizator18', 'parola18', 'user'),
(19, 'utilizator19', 'parola19', 'admin'),
(20, 'utilizator20', 'parola20', 'user'),
(21, 'utilizator21', 'parola21', 'admin'),
(22, 'utilizator22', 'parola22', 'user'),
(23, 'utilizator23', 'parola23', 'admin'),
(24, 'utilizator24', 'parola24', 'user'),
(25, 'utilizator25', 'parola25', 'admin'),
(26, 'utilizator26', 'parola26', 'user'),
(27, 'utilizator27', 'parola27', 'admin'),
(28, 'utilizator28', 'parola28', 'user'),
(29, 'utilizator29', 'parola29', 'admin'),
(30, 'utilizator30', 'parola30', 'user'),
(31, 'utilizator31', 'parola31', 'admin'),
(32, 'utilizator32', 'parola32', 'user'),
(33, 'utilizator33', 'parola33', 'admin'),
(34, 'utilizator34', 'parola34', 'user'),
(35, 'utilizator35', 'parola35', 'admin'),
(36, 'utilizator36', 'parola36', 'user'),
(37, 'utilizator37', 'parola37', 'admin'),
(38, 'utilizator38', 'parola38', 'user'),
(39, 'utilizator39', 'parola39', 'admin'),
(40, 'utilizator40', 'parola40', 'user'),
(41, 'utilizator41', 'parola41', 'admin'),
(42, 'utilizator42', 'parola42', 'user'),
(43, 'utilizator43', 'parola43', 'admin'),
(44, 'utilizator44', 'parola44', 'user'),
(45, 'utilizator45', 'parola45', 'admin'),
(46, 'utilizator46', 'parola46', 'user'),
(47, 'utilizator47', 'parola47', 'admin'),
(48, 'utilizator48', 'parola48', 'user'),
(49, 'utilizator49', 'parola49', 'admin'),
(50, 'utilizator50', 'parola50', 'user'),
(51, 'utilizator51', 'parola51', 'admin'),
(52, 'utilizator52', 'parola52', 'user'),
(53, 'utilizator53', 'parola53', 'admin'),
(54, 'utilizator54', 'parola54', 'user'),
(55, 'utilizator55', 'parola55', 'admin'),
(56, 'utilizator56', 'parola56', 'user'),
(57, 'utilizator57', 'parola57', 'admin'),
(58, 'utilizator58', 'parola58', 'user'),
(59, 'utilizator59', 'parola59', 'admin'),
(60, 'utilizator60', 'parola60', 'user');
